[
    {
        "key": "fct000000001",
        "fact": "Standing at 828 meters (2,717 feet) and boasting 163 floors, the Burj Khalifa in the United Arab Emirates is the world’s tallest building."
    },
    {
        "key": "fct000000002",
        "fact": "The nation of Iran is the world’s largest producer of pistachios, and the sweet green nut is the country’s second-largest export behind oil."
    },
    {
        "key": "fct000000003",
        "fact": "All three of the world’s major monotheistic religions – Christianity, Judaism, and Islam – were founded in the Middle East."
    },
    {
        "key": "fct000000004",
        "fact": "Though each region – Maghreb, Egypt, Levant, Iraq, Gulf – has its own distinct cuisine, most Middle Eastern food shares a common influence in traditional Ottoman recipes."
    },
    {
        "key": "fct000000005",
        "fact": "17 separate countries makes up the region known as The Middle East."
    },
    {
        "key": "fct000000006",
        "fact": "In 1993, the golden covering of the Dome of the Rock in Jerusalem was refurbished following a donation of $8.2 million by King Hussein of Jordan who sold one of his houses in London to fund the 80 kilograms of gold required."
    },
    {
        "key": "fct000000007",
        "fact": "In 2/3 of Middle Eastern countries, more women than men attend universities."
    },
    {
        "key": "fct000000008",
        "fact": "Turkey, Lebanon, Iran, and Jordan are among the top 10 refugee hosting nations in the world"
    },
    {
        "key": "fct000000009",
        "fact": "350 million years ago, there existed a species of 20-foot tall mushroom in Saudi Arabia. It was likely the largest living thing on dry land at that time."
    },
    {
        "key": "fct000000010",
        "fact": "Due to its isolation, a third of the plant life on the island of Socotra (Yemen) is found nowhere else on the planet. It has been described as \"most alien-looking place on Earth.\""
    }
]
