[
    {
        "key": "kc",
        "name": "Kerning Cultures",
        "link": "https://kerningcultures.com/kerningcultures/",
        "description": "A Middle East podcast network. Producing radio documentaries from the Middle East and its diaspora.",
        "show": true,
        "more": true,
        "thumb": "https://raw.githubusercontent.com/onassar/PandaPodcasts-ChromeExtension/stable/crx/apps/kerning/images/podcasts/kc.jpg",
        "episodes": {
            "max": 16,
            "reverse": false
        },
        "timestampFormat": "MMM D, YYYY",
        "xPathExpressions": {
            "episodes": "//div[contains(@class, 'row-slider')]//div[contains(@class, 'post-item')]",
            "timestamp": "string(*//div[contains(@class, 'post-meta')]/text())",
            "description": "string(*//p/text())",
            "title": "string(*//h5/text())",
            "link": "string(*//a[contains(@class, 'plain')]/@href)",
            "thumb": "string(*//img/@src)"
        }
    }
]
