[
    {
        "key": "kc",
        "name": "Kerning Cultures",
        "link": "https://kerningcultures.com/kerningcultures",
        "description": "A Middle East podcast network. Producing radio documentaries from the Middle East and its diaspora.",
        "show": true,
        "more": true,
        "thumb": "https://raw.githubusercontent.com/onassar/PandaPodcasts-ChromeExtension/stable/crx/apps/kerning/images/podcasts/kc.jpg",
        "episodes": {
            "max": 16,
            "reverse": false
        },
        "timestampFormat": "MMM D, YYYY",
        "xPathExpressions": {
            "episodes": "//div[contains(@class, 'row sqs-row')][position()>1]//div[contains(@class, 'summary-item-record-type-text')]",
            "timestamp": "string((*//time/text())[2])",
            "description": "string(*//p/text())",
            "title": "concat(substring(string(*//a[contains(@class, 'summary-title-link')]/text()), 1, 1), lower-case(substring(string(*//a[contains(@class, 'summary-title-link')]/text()), 2)))",
            "link": "string(*//a[contains(@class, 'summary-title-link')]/@href)",
            "thumb": "string(*//img/@data-src)"
        }
    }
]
