[
    {
        "key": "psa",
        "name": "Pod Save America",
        "link": "https://crooked.com/podcast-series/pod-save-america/",
        "description": "A no-bullshit conversation about politics.",
        "show": true,
        "more": true,
        "thumb": "/apps/crooked/images/podcasts/psa.png",
        "episodes": {
            "reverse": false
        }
    },
    {
        "key": "pstw",
        "name": "Pod Save the World",
        "link": "https://crooked.com/podcast-series/pod-save-the-world/",
        "description": "A no-bullshit conversation about foreign policy.",
        "show": true,
        "more": true,
        "thumb": "/apps/crooked/images/podcasts/pstw.png",
        "episodes": {
            "reverse": false
        }
    },
    {
        "key": "loli",
        "name": "Lovett or Leave It",
        "link": "https://crooked.com/podcast-series/lovett-or-leave-it/",
        "description": "A week in review recorded in front of a live audience. It’s great.",
        "show": true,
        "more": true,
        "thumb": "/apps/crooked/images/podcasts/loli.png",
        "episodes": {
            "reverse": false
        }
    },
    {
        "key": "cc",
        "name": "Crooked Conversations",
        "link": "https://crooked.com/podcast-series/crooked-conversations/",
        "description": "A no-bullshit conversation that goes beyond the headlines.",
        "show": true,
        "more": true,
        "thumb": "/apps/crooked/images/podcasts/cc.png",
        "episodes": {
            "reverse": false
        }
    },
    {
        "key": "pstp",
        "name": "Pod Save the People",
        "link": "https://crooked.com/podcast-series/pod-save-the-people/",
        "description": "DeRay’s new show on activism, social justice, culture, and politics.",
        "show": true,
        "more": true,
        "thumb": "/apps/crooked/images/podcasts/pstp.png",
        "episodes": {
            "reverse": false
        }
    },
    {
        "key": "ki",
        "name": "Keep It",
        "link": "https://crooked.com/podcast-series/keep-it/",
        "description": "A show about pop culture, politics, and what happens when they smack into each other at alarming speed.",
        "show": true,
        "more": true,
        "thumb": "/apps/crooked/images/podcasts/ki.png",
        "episodes": {
            "reverse": false
        }
    },
    {
        "key": "h",
        "name": "Hysteria",
        "link": "https://crooked.com/podcast-series/hysteria/",
        "description": "Women: 51% of the population and 100% of this podcast.",
        "show": true,
        "more": true,
        "thumb": "/apps/crooked/images/podcasts/h.png",
        "episodes": {
            "reverse": false
        }
    },
    {
        "key": "tw",
        "name": "The Wilderness",
        "link": "https://crooked.com/podcast-series/thewilderness/",
        "description": "The Wilderness is a documentary from Crooked Media and Two-Up about the history and future of the Democratic Party.",
        "show": true,
        "more": false,
        "thumb": "/apps/crooked/images/podcasts/tw.png",
        "episodes": {
            "reverse": true
        },
        "xPathExpressions": {
            "episodes": "//div[contains(@class, 'wd-episode publish')]",
            "timestamp": "string(*//span[contains(@class, 'desktop-strapline')]/text())",
            "description": "string(*//p/text())",
            "title": "string-join((*//span[contains(@class, 'wd-title-num')]/text(), *//span[contains(@class, 'wd-title-text')]/text()), ':')",
            "link": "string(a/@href)",
            "thumb": "string(*//img/@src)"
        }
    },
    {
        "key": "m",
        "name": "Majority54",
        "link": "https://crooked.com/podcast-series/majority-54/",
        "description": "Jason Kander is an army veteran from Kansas City, Missouri and the first millennial elected to statewide office in the United States.",
        "show": true,
        "more": true,
        "thumb": "/apps/crooked/images/podcasts/m.png",
        "episodes": {
            "reverse": false
        }
    },
    {
        "key": "wflt",
        "name": "With Friends Like These",
        "link": "https://crooked.com/podcast-series/with-friends-like-these/",
        "description": "Ana Marie Cox hosts a podcast about what divides us and what doesn’t.",
        "show": true,
        "more": true,
        "thumb": "/apps/crooked/images/podcasts/wflt.png",
        "episodes": {
            "reverse": false
        }
    }
]
